id,doi,title,year,cites,type,venue,wave,reason
W2283196293,10.1609/aaai.v28i1.8870,Knowledge Graph Embedding by Translating on Hyperplanes,2014,3789,article,Proceedings of the AAAI Conference on Artificial Intelligence,1_seed,Knowledge graph embedding method; computational approach to structured knowledge representation
W2184957013,10.1609/aaai.v29i1.9491,Learning Entity and Relation Embeddings for Knowledge Graph Completion,2015,3650,article,Proceedings of the AAAI Conference on Artificial Intelligence,1_seed,Knowledge graph embeddings; computational modeling of relational structures
W2756203131,10.24963/ijcai.2018/505,Spatio-Temporal Graph Convolutional Networks: A Deep Learning Framework for Traffic Forecasting,2018,3286,article,,1_seed,Graph neural networks + traffic systems modeling
W2728059831,10.1609/aaai.v32i1.11573,Convolutional 2D Knowledge Graph Embeddings,2018,2417,article,Proceedings of the AAAI Conference on Artificial Intelligence,1_seed,"Knowledge graph embeddings, computational representation of structured knowledge"
W1533230146,10.4230/tgdk.1.1.7,Embedding Entities and Relations for Learning and Inference in Knowledge Bases,2014,2052,preprint,arXiv (Cornell University),1_seed,Knowledge representation & semantic networks; computational IR modeling
W2985331920,10.1186/s40649-019-0069-y,Graph convolutional networks: a comprehensive review,2019,1816,review,Computational Social Networks,1_seed,GCN review + computational modeling framework for network analysis
W2998313947,10.1609/aaai.v34i04.5984,EvolveGCN: Evolving Graph Convolutional Networks for Dynamic Graphs,2020,1136,article,,1_seed,Graph neural networks for dynamic network modeling
W2950339735,10.18653/v1/p19-1470,COMET: Commonsense Transformers for Automatic Knowledge Graph Construction,2019,865,article,,1_seed,Knowledge graph construction using neural transformers—computational knowledge representation for formal IR modeling
W2998385486,10.1609/aaai.v34i03.5681,K-BERT: Enabling Language Representation with Knowledge Graph,2020,772,article,Proceedings of the AAAI Conference on Artificial Intelligence,1_seed,NLP/knowledge-graph modeling intersects IR if applied to geopolitical knowledge structures
W1877916171,10.1103/revmodphys.88.035006,Control principles of complex systems,2016,672,article,Reviews of Modern Physics,1_seed,Systems theory + control modeling applicable to geopolitical networks
W1630954580,10.1007/11574620_38,Ontologies Are Us: A Unified Model of Social Networks and Semantics,2005,665,book-chapter,Lecture notes in computer science,1_seed,Networks + semantics/ontology modeling for social systems
W1738564968,10.1111/j.1468-2478.2010.00637.x,"Norm Subsidiarity and Regional Orders: Sovereignty, Regionalism, and Rule-Making in the Third World1",2011,408,article,International Studies Quarterly,1_seed,IR theory on regional governance structures and norm-diffusion mechanisms
W2204468525,10.18564/jasss.2897,The Complexities of Agent-Based Modeling Output Analysis,2015,322,article,Journal of Artificial Societies and Social Simulation,1_seed,ABM methodology for social/computational systems analysis
W2149218571,10.1093/cjip/pos001,The Tributary System as International Society in Theory and Practice,2012,232,article,The Chinese Journal of International Politics,1_seed,"IR theory of historical geopolitical systems, formal structural analysis"
W3082098820,10.1007/978-3-030-39066-2,The Geopolitics of the Global Energy Transition,2020,228,book,Lecture notes in energy,1_seed,Geopolitics AND energy systems modeling intersection
W4386498142,10.1080/14650045.2023.2253432,"The Second Cold War: US-China Competition for Centrality in Infrastructure, Digital, Production, and Finance Networks",2023,219,article,Geopolitics,1_seed,IR geopolitics + network analysis of US-China competition
W612770827,10.7551/mitpress/7736.001.0001,Cyberpolitics in International Relations,2012,182,book,The MIT Press eBooks,1_seed,IR security studies + computational/formal network analysis framework
W3171988876,10.1057/s41267-021-00435-0,Foreign direct investment along the Belt and Road: A political economy perspective,2021,147,article,Journal of International Business Studies,1_seed,"IR/geopolitics (BRI, FDI political economy) + formal modeling framework potential"
W2137750561,10.1016/j.enpol.2012.10.068,Energy (in)security in Poland the case of shale gas,2012,146,article,Energy Policy,1_seed,IR/geopolitics (energy security) + policy analysis framework
W2979729689,10.1016/j.najef.2019.101089,The impact of China’s one belt one road initiative on international trade in the ASEAN region,2019,135,article,The North American Journal of Economics and Finance,1_seed,"IR/geopolitics (BRI, ASEAN trade) + quantitative modeling"
W3096535782,10.1080/10220461.2020.1830165,In a fix: Africa’s place in the Belt and Road Initiative and the reproduction of dependency,2020,131,article,South African Journal of International Affairs,1_seed,"BRI geopolitics, dependency modeling, African IR analysis"
W2901559794,10.1093/isq/sqz019,Theorizing the Judicialization of International Relations,2019,122,article,International Studies Quarterly,1_seed,IR theory on judicial institutions; formal institutional analysis
W2782158461,10.1093/ia/iix242,Will Trump make China great again? The belt and road initiative and international order,2018,121,article,International Affairs,1_seed,IR geopolitics + structural analysis of BRI's impact on order
W2895628192,10.1080/21622671.2018.1523746,The intertwined geopolitics and geoeconomics of hopes/fears: China’s triple economic bubbles and the ‘One Belt One Road’ imaginary,2018,117,article,Territory Politics Governance,1_seed,"IR/geopolitics + systems analysis of economic structures, BRI"
W4285800985,10.1093/isq/sqac033,Infrastructural Geopolitics,2022,113,article,International Studies Quarterly,1_seed,Geopolitics + infrastructure systems analysis framework
W3126288457,10.1080/00083968.2020.1868014,China’s spatial fix and ‘debt diplomacy’ in Africa: constraining belt or road to economic transformation?,2021,112,article,Canadian Journal of African Studies / Revue canadienne des études africaines,1_seed,"IR/geopolitics (BRI, China-Africa relations, debt diplomacy) + systems analysis of economic structures"
W3184557884,10.1080/14650045.2021.1924943,Geopolitics and the ‘New’ State Capitalism,2021,100,article,Geopolitics,1_seed,IR/geopolitics + political-economy systems analysis
W4220662554,10.1007/s41111-022-00214-8,Infrastructure and the Politics of African State Agency: Shaping the Belt and Road Initiative in East Africa,2022,99,article,Chinese Political Science Review,1_seed,"IR/geopolitics (BRI, state agency, African politics) + political analysis of infrastructure networks"
W3157922277,10.3390/su13095199,Does Geopolitics Have an Impact on Energy Trade? Empirical Research on Emerging Countries,2021,95,article,Sustainability,1_seed,IR/geopolitics + empirical modeling of energy trade flows
W2154139248,10.1017/s0260210508007791,On order and conflict: International Relations and the ‘communicative turn’,2008,89,article,Review of International Studies,1_seed,IR theory + formal communicative/discourse modeling framework
W2890470074,10.4324/9781315742984,Geopolitics of the Knowledge-Based Economy,2018,76,book,,1_seed,IR/geopolitics framework applied to knowledge economy structures
W3186520903,10.1007/s10308-021-00617-3,Economic impact of transportation infrastructure investment under the Belt and Road Initiative,2021,72,article,Asia Europe Journal,1_seed,IR/geopolitics + computational modeling of BRI economic impacts
W4396870074,10.1080/14650045.2024.2351075,Rethinking Energy Geopolitics: Towards a Geopolitical Economy of Global Energy Transformation,2024,67,article,Geopolitics,1_seed,IR/geopolitics + energy systems analysis framework
W2997784753,10.1080/09512748.2019.1705882,China’s energy diplomacy towards Central Asia and the implications on its “belt and road initiative”,2019,59,article,The Pacific Review,1_seed,"IR/geopolitics (energy diplomacy, BRI) + policy analysis framework"
W2042805949,10.1111/isqu.12090,On Geopolitics: Spaces and Places,2013,57,article,International Studies Quarterly,1_seed,"Geopolitics theory, spatial analysis framework"
W4401810166,10.1057/s41599-024-03507-2,"Geopolitics and energy security: a comprehensive exploration of evolution, collaborations, and future directions",2024,52,article,Humanities and Social Sciences Communications,1_seed,IR/geopolitics + energy security framework analysis
W3164866286,10.1016/j.polgeo.2021.102421,Critical Geopolitics/critical geopolitics 25 years on,2021,48,article,Political Geography,1_seed,"Critical geopolitics framework, theoretical reflection on IR/security analysis"
W3091818891,10.1155/2020/8820021,The Impact of Energy Cooperation and the Role of the One Belt and Road Initiative in Revolutionizing the Geopolitics of Energy among Regional Economic Powers: An Analysis of Infrastructure Development and Project Management,2020,46,article,Complexity,1_seed,IR/geopolitics + systems complexity modeling of energy infrastructure networks
W2066566700,10.1080/14650045.2011.595439,"A Splintered Heartland: Russia, Europe, and the Geopolitics of Networked Energy Infrastructure",2012,32,article,Geopolitics,1_seed,IR/geopolitics + network systems analysis of energy infrastructure
W3210417190,10.4337/9781789908718.00038,China in Nepal: on the politics of the Belt and Road Initiative development in South Asia,2021,22,book-chapter,Edward Elgar Publishing eBooks,1_seed,"IR/geopolitics (BRI, South Asia security) + formal analysis potential"
W3160234086,10.1111/area.12728,Cybersecurity’s grammars: A more‐than‐human geopolitics of computation,2021,18,article,Area,1_seed,Geopolitics + computational/semiotic analysis of cybersecurity infrastructure
W4221000670,10.53277/2519-2442-2022.1-01,CONTEMPORARY GEOPOLITICS OF EURASIA AND THE BELT AND ROAD INITIATIVE,2022,17,article,Eurasian Research Journal,1_seed,Geopolitics + formal BRI modeling framework intersection
W1531276072,,"Territorial Conflicts in World Society: Modern Systems Theory, International Relations and Conflict Studies",2007,17,article,,1_seed,IR/geopolitics + systems-theory formal modeling
W3091525380,10.1080/14782804.2020.1826914,South caucasus and a ‘New Great Game’: the communication of competition in securitised international relations,2020,16,article,Journal of Contemporary European Studies,1_seed,IR security analysis with discourse/communication framing of geopolitical competition
W4390235637,10.1515/sem-2022-0020,Semiotic approach of strategic narrative: the news discourse of Russia’s coronavirus aid to Italy,2023,9,article,Semiotica,1_seed,IR security narrative analysis + semiotic formal method
W2796257245,10.18278/jpcs.4.1.6,A New Taxonomy for International Relations: Rethinking the International System as a Complex Adaptive System,2018,7,article,Journal on Policy and Complex Systems,1_seed,IR systems modeling via complex adaptive systems framework
W4366769944,10.5937/jrs18-41781,Semiotic games and domestic geopolitics: Estonian Russophones during the war in Ukraine,2023,6,article,Journal of Regional Security,1_seed,Geopolitics + semiotic/knowledge-representation framework
W2061901927,,Social network analysis methods and applications,1994,18186,book,,2_frontier,method×IR
W950821216,10.1017/cbo9780511815478,Social Network Analysis,1994,17081,book,Cambridge University Press eBooks,2_frontier,method×IR
W1501219137,10.2307/20048800,The Complexity of Cooperation: Agent-Based Models of Competition and Collaboration,1998,2245,article,Foreign Affairs,2_frontier,foundational method
W2109278577,,Pajek - Program for Large Network Analysis,1999,1397,article,,2_frontier,foundational method
W1991183254,10.1006/ijhc.1995.1066,"Formal ontology, conceptual analysis and knowledge representation",1995,1199,article,International Journal of Human-Computer Studies,2_frontier,foundational method
W567313566,10.1515/9781400842872,Generative Social Science: Studies in Agent-Based Computational Modeling,2012,1028,book,Princeton University Press eBooks,2_frontier,method×IR
W761179351,,"An Introduction to Agent-Based Modeling: Modeling Natural, Social, and Engineered Complex Systems with NetLogo",2015,1017,book,,2_frontier,method×IR
W1481580122,,"Borgatti, Stephen; Martin Everett i Lin Freeman. UCINET IV. Network Analysis Software. Version 1.0. Columbia: Analytic Technologies, 1992",1995,397,article,Quaderns de l'Institut Català d'Antropologia,2_frontier,foundational method
W2149722565,10.5555/1995456.1995474,Agent-based modeling and simulation,2009,299,article,Winter Simulation Conference,2_frontier,foundational method
W2052336411,10.1016/j.sbspro.2013.05.053,Semantic Network Analysis as a Method for Visual Text Analytics,2013,250,article,Procedia - Social and Behavioral Sciences,2_frontier,method×IR
W3121477577,,Remarks on the foundations of agent-based generative social science,2012,124,preprint,RePEc: Research Papers in Economics,2_frontier,method×IR
W1968478751,10.1073/pnas.092079799,"Foundations of “new” social science: Institutional legitimacy from philosophy, complexity science, postmodernism, and agent-based modeling",2002,99,article,Proceedings of the National Academy of Sciences,2_frontier,method×IR
W2031999958,10.1016/j.websem.2007.11.011,Collective knowledge systems: Where the Social Web meets the Semantic Web,2007,584,article,Journal of Web Semantics,2_loop,Semantic Web / knowledge representation meets social systems
W4292722545,10.1080/01436597.2022.2110058,Contradiction and restructuring in the Belt and Road Initiative: reflections on China’s pause in the ‘Go world’,2022,46,article,Third World Quarterly,2_loop,"BRI geopolitical analysis, China's strategic pause, international political economy"
W4296459897,10.1080/14747731.2022.2121061,"In the name of the nation: Authoritarian practices, capital accumulation, and the radical simplification of development in China’s global vision",2022,31,article,Globalizations,2_loop,"IR/geopolitics (China's development model, global vision) + critical political-economy analysis of state practices and capital accumulation structures"
W4386477253,10.1080/02723638.2023.2247283,Cities on the new silk road: the global urban geographies of China’s belt and road initiative,2023,30,article,Urban Geography,2_loop,"IR/geopolitics (BRI, China's regional strategy) + urban network systems analysis"
W4322621510,10.1007/s12140-023-09402-y,The Sustainable Development and Economic Impact of China’s Belt and Road Initiative in Ethiopia,2023,28,article,East Asia,2_loop,"BRI geopolitics, development economics, regional analysis"
W4392381539,10.1080/2833115x.2023.2296439,"China’s rise, weaponised interdependence and the increasingly contested geographies of global finance",2024,23,article,Finance and Space,2_loop,"IR/geopolitics (China's rise, interdependence, financial geography) + systems approach (contested geographies, structural analysis)"
W4404943998,10.1080/14747731.2024.2434306,"Geostrategic globalization: US–China rivalry, corporate strategy, and the new global economy",2024,23,article,Globalizations,2_loop,IR/geopolitics + systems analysis of US-China rivalry and global economic structure
W4291901675,10.1332/uzhw7185,From ‘debt diplomacy’ to donorship? China’s changing role in global development,2022,22,article,Global Political Economy,2_loop,IR/geopolitics + governance/systems analysis of China's development model
W4391617744,10.1080/15387216.2024.2311712,Chinese investments as part of infrastructure-led development: multi-scalar contestations around Georgia’s flagship infrastructure projects,2024,19,article,Eurasian Geography and Economics,2_loop,"IR/geopolitics + infrastructure networks, BRI investment contestation"
W4283449507,10.1080/14650045.2022.2089563,Temporality and the Geopolitical Enframing of Chinese International Development Thinking,2022,19,article,Geopolitics,2_loop,IR/geopolitics paper on Chinese development thinking and spatial-temporal framing
W4409131726,10.1016/j.geoforum.2025.104267,"Hedging energy transition: Green hydrogen, oil, and low-carbon resilience as state strategy in Namibia",2025,15,article,Geoforum,2_loop,"Geopolitics of energy transition, state strategy, regional security implications"
W4400519419,10.1080/14747731.2024.2374432,Pericentricity on the Congolese copperbelt: how the DRC shapes Chinese cobalt supply chains and the low-carbon transition,2024,14,article,Globalizations,2_loop,IR/geopolitics + supply-chain systems analysis; DRC-China relations
W4210673718,10.1093/oxrep/grac002,The obsolescing bargain crosses the Belt and Road Initiative: renegotiations on BRI projects,2022,14,article,Oxford Review of Economic Policy,2_loop,BRI governance/renegotiation dynamics; IR political-economy analysis
W4413105177,10.1093/jeg/lbaf033,The geopolitical underpinning of global value chains and production networks: US–China technological rivalry in a longer-range perspective,2025,11,article,Journal of Economic Geography,2_loop,Geopolitical analysis of global production networks; US-China tech rivalry
W4413947523,10.1016/j.geoforum.2025.104382,"The new economic nationalism: industrial policy and national security in the United States, China, and the European Union",2025,11,article,Geoforum,2_loop,IR/geopolitics + policy systems analysis; regional economic security
W4408647759,10.1111/dech.12871,International Development Financing in the Second Cold War: The Miserly Convergence of Western Donors and China,2025,10,article,Development and Change,2_loop,"IR/geopolitics (great-power competition, development financing) + systems analysis of donor convergence"
W4400901590,10.1080/14650045.2024.2352563,Deglobalization and China’s Visions for Reconfiguring Development Space,2024,10,article,Geopolitics,2_loop,"IR/geopolitics scholarship on China's strategic positioning, development models, regional reconfiguration—core to security complexes and geopolitical knowledge structures"
W4402911610,10.1016/j.polgeo.2024.103213,Stay or leave? US-listed Chinese companies under financial decoupling push and the reshaping of global financial networks,2024,10,article,Political Geography,2_loop,"Geopolitical decoupling, financial networks, US-China relations"
W4411322743,10.1016/j.geoforum.2025.104302,On the frontier of party-state capitalism: mapping the geopolitical economies of China’s Greater Bay Area,2025,9,article,Geoforum,2_loop,Political economy of regional integration; geopolitical analysis of China's territorial/economic strategy
W4411427014,10.1080/01436597.2025.2516050,Locating Africa in the Second Cold War: the geopolitical economy of Kenyan polyalignment,2025,8,article,Third World Quarterly,2_loop,IR geopolitics + polyalignment strategy in African regional order
W4404332704,10.1177/08969205241291645,Varieties of Digital Capitalism and the US–China Rivalry: The Rise of Competing Technological Spheres,2024,8,article,Critical Sociology,2_loop,IR/geopolitics + systems analysis of technological competition structures
W4401483494,10.1177/0308518x241265598,Five theses on geoeconomics,2024,7,article,Environment and Planning A Economy and Space,2_loop,Geoeconomics intersects geopolitics/IR with spatial/systems analysis; canonical topic for regional security modeling
W4403299998,10.1111/1758-5899.13435,Digital geopolitics in a VUCA world: China encounters a new global order,2024,7,article,Global Policy,2_loop,Geopolitics + digital systems analysis; contemporary security order
W4409335244,10.1080/09692290.2025.2451753,Explaining China’s approach to the global governance of sovereign debt distress: a state transformation analysis,2025,7,article,Review of International Political Economy,2_loop,IR/political economy + formal systems analysis of state behavior
W4399920415,10.1111/geoj.12597,Geopolinomic codes: Territorial and discursive practices of connectivity networks of political economy,2024,6,article,Geographical Journal,2_loop,Geopolitics + network/connectivity analysis of political economy structures
W4411221228,10.1080/01436597.2025.2511859,Beyond hedging: understanding India’s polyalignment in the Second Cold War,2025,6,article,Third World Quarterly,2_loop,IR theory on strategic alignment; geopolitical security structures
W4412197068,10.1080/01436597.2025.2525233,Polyalignment as geoeconomic bridging: Hungary’s reindustrialisation amid global protectionism,2025,6,article,Third World Quarterly,2_loop,IR/geopolitics + geoeconomic systems analysis of regional industrial strategy
